Page,Job URLs Found,Rows Added,Timestamp
10001,35,59,2026-09-28T17:15:51
10002,35,71,2026-09-28T17:17:04
10003,35,69,2026-09-28T17:18:12
10004,35,44,2026-09-28T17:19:22
10005,35,77,2026-09-28T17:20:33
10006,35,74,2026-09-28T17:21:42
10007,35,48,2026-09-28T17:22:51
10008,35,68,2026-09-28T17:24:00
10009,35,50,2026-09-28T17:25:07
10010,35,53,2026-09-28T17:26:15
10011,35,67,2026-09-28T17:27:22
10012,35,45,2026-09-28T17:28:23
10013,35,65,2026-09-28T17:29:20
10014,35,51,2026-09-28T17:30:16
10015,35,64,2026-09-28T17:31:16
10016,35,57,2026-09-28T17:35:47
10017,35,39,2026-09-28T17:36:41
10018,35,55,2026-09-28T17:37:38
10019,35,57,2026-09-28T17:38:35
10020,35,47,2026-09-28T17:39:29
10021,35,55,2026-09-28T17:40:24
10022,35,64,2026-09-28T17:41:19
10023,35,56,2026-09-28T17:42:12
10024,35,54,2026-09-28T17:43:05
10025,35,59,2026-09-28T17:43:57
10026,35,57,2026-09-28T17:44:50
10027,35,56,2026-09-28T17:45:45
10028,35,83,2026-09-28T17:46:39
10029,35,56,2026-09-28T17:47:32
10030,35,68,2026-09-28T17:48:26
10031,35,60,2026-09-28T18:10:48
10032,35,55,2026-09-28T18:11:42
10033,35,67,2026-09-28T18:12:37
10034,35,53,2026-09-28T18:13:28
10035,35,64,2026-09-28T18:14:21
10036,35,66,2026-09-28T18:15:13
10037,35,78,2026-09-28T18:16:06
10038,35,48,2026-09-28T18:16:57
10039,35,71,2026-09-28T18:17:49
10040,35,52,2026-09-28T18:18:39
10041,35,64,2026-09-28T18:19:29
10042,35,80,2026-09-28T18:20:20
10043,35,56,2026-09-28T18:21:12
10044,35,81,2026-09-28T18:22:03
10045,35,64,2026-09-28T18:22:53
